p_id_retained,b1,b2,b3,b4,b5,player,team,b1_norm,b2_norm,b3_norm,b4_norm,b5_norm
5,0.007732011299944834,0.006506033249882165,0.0063014228454589365,0.0017302157694931988,0.008032940154812075,Ju. Gomez de Liaño,UP,0.2551597998100034,0.2147019807910787,0.20794974675954703,0.057097887243794575,0.2650905853955763
6,0.023947015391158576,8.705664200872724e-09,0.000804779782807305,4.052366448677135e-05,0.0006428817288509633,B. Akhuetie,UP,0.9414907946760686,3.4226823563527673e-07,0.031640383775517575,0.0015932113650757077,0.02527526791510259
7,0.008662264941997391,0.007746196628216464,0.002226545256854425,0.0033294409331092547,0.008361165470915434,P. Desiderio,UP,0.2856418723007368,0.25543412986202235,0.0734212772512557,0.10978973146355261,0.27571298912243264
25,0.01668859625614872,0.007150693121987706,0.0010476179874715458,0.002614326912427571,1.5071891522196716e-29,J. Manzo,UP,0.6068308093894328,0.26001353429066865,0.038093489800501375,0.09506216651939728,5.480441848471583e-28
27,0.015465991497757287,0.00474542279969589,0.00045177129288770965,1.970556576941019e-11,0.006724915832171306,Ja. Gomez de Liaño,UP,0.5646974665398684,0.17326585450647536,0.016495166480993115,7.19493675419019e-10,0.24554151175316935
72,0.021062662530003464,1.3449882750225936e-09,0.0031723184571184728,8.84608208806011e-07,0.002102361747058167,D. Murrell,UP,0.7996992804644423,5.1066010967821485e-08,0.12044539876893214,3.358647308085555e-05,0.07982168322753389
73,0.0067377030251492215,0.00960228310459644,0.0012254664613211624,3.662696132145267e-17,0.011927166938987906,D. Dario,UP,0.2284538685444029,0.3255825782043922,0.041551631589467244,1.2419026151314763e-15,0.4044119216617364
77,0.011868185596917751,1.6404638201687075e-07,1.6129278525648433e-88,3.135792889360578e-35,0.017378573359493187,F. Jaboneta,UP,0.405792622895215,5.60901336531043e-06,5.514863400880892e-87,1.0721787345154644e-33,0.5942017680914197
79,0.010664539085618657,0.008539738397055291,6.2748068655874e-95,7.933637050159897e-07,0.009263787835011644,C. Vito,UP,0.37460367501805764,0.2999677118295405,2.204094985265105e-93,2.7867773481716426e-05,0.32540074537892005
