p_id_retained,b1,b2,b3,b4,b5,player,team,b1_norm,b2_norm,b3_norm,b4_norm,b5_norm
1,0.005499633481048661,0.00861545231076712,0.00642873371455419,0.003855140989896203,0.007014116129711465,A. Melecio,DLSU,0.1750746527164625,0.2742632443599112,0.20465151475286653,0.12272408194198084,0.22328650622877885
11,0.01323668219170953,0.004061663415593607,0.005906055644029034,0.007769869432101486,3.766428692595868e-27,J. Baltazar,DLSU,0.4273444345790219,0.13113023570772744,0.19067618102749523,0.2508491486857555,1.2159862393823246e-25
13,0.01313013444702938,0.0050948646356298675,0.006075043364547687,0.005864008195441469,6.495863720333322e-29,L. Santillian,DLSU,0.43529082358935317,0.16890518770136034,0.20140011819096648,0.19440387051832006,2.1535117406111692e-27
17,0.0065693667267957435,0.007471279162571152,0.006558564713773517,0.00827391334928136,0.0038970832416590595,A. Caracut,DLSU,0.20046765917251647,0.2279899885381458,0.20013803009943032,0.2524827902453985,0.11892153194450893
31,0.012101283759806809,0.0022624534761096337,0.0034004877038983626,0.004844311793258939,0.008159317584173872,F. Serrano,DLSU,0.3933093167638655,0.07353302745071061,0.11052079449011634,0.15744717663146732,0.2651896846638403
45,0.005668945634724333,0.002156433368640092,0.0023911962765003005,0.021786107021853157,0.00704743040210918,K. Montalbo,DLSU,0.1451710441329598,0.055222206015009864,0.06123404289857411,0.5579012584954213,0.1804714484580349
57,0.015509325429793566,0.0018916617890488191,0.005621942602237337,0.0074828293947946,7.652378184790695e-29,M. Dyke,DLSU,0.5084064723661412,0.06200998885693861,0.18429118785254947,0.24529235092437068,2.508502781602176e-27
61,0.006192647144189558,0.006390310730631565,0.005728761717105301,0.005432793809407811,0.008525300516331564,J. Manuel,DLSU,0.19190216466663457,0.19802750480483097,0.17752695233142157,0.1683552878014484,0.2641880903956645
69,0.0007936786554334094,0.005996421110408148,0.0015905920713581636,0.006505124738634304,0.019786370373313232,J. Go,DLSU,0.022890931471887716,0.17294614612002798,0.045875158486283006,0.18761795291930078,0.5706698110025006
