p_id_retained,b1,b2,b3,b4,b5,player,team,b1_norm,b2_norm,b3_norm,b4_norm,b5_norm
2,0.0026094800256450572,0.013003746827704258,0.0036137363959304796,0.003206920280897977,0.008968511944958058,R. Subido,UST,0.08309811994155741,0.4141004732584978,0.11507836715169731,0.10212342824091847,0.2855996114073289
8,0.0016296992539163056,0.008051348454093459,0.0020843806478493343,0.001982015004685918,0.0182687390217602,M. Lee,UST,0.05090236038938271,0.251477467174328,0.06510397220254889,0.06190666273132373,0.5706095375024166
21,0.016272367488057292,0.0019586254714847586,1.95252574774831e-37,0.00022097284372829732,0.009058554959177031,C. Cansino,UST,0.5914961635429862,0.07119550692614793,7.097378361566901e-36,0.008032303191800403,0.3292760263390655
23,0.007668586449946227,0.0011913553857860926,0.006095031051007222,0.02366204336255429,0.000313690781707703,Z. Huang,UST,0.19698040530934954,0.030601945781189775,0.1565610161190648,0.6077989630065436,0.008057669783852188
37,0.002521969551129277,0.01906468290392703,1.3020664635494143e-44,2.9762277845132023e-07,0.007643203041011348,K. Zamora,UST,0.08627972425855136,0.6522265835013741,4.454531792068884e-43,1.0182046506606505e-05,0.26148351019356797
48,0.01721850090098686,1.7290497100801173e-24,0.01023463048891709,9.034335310327407e-09,2.191547946656132e-15,G. Mahinay,UST,0.6271960378632208,6.298185502134195e-23,0.37280363305466463,3.2908203472233657e-07,7.9828679443936e-14
59,0.011381943988345364,0.0037367433795590563,8.470658002567206e-23,0.015542170560882631,0.0038299634512145493,J. Marcos,UST,0.3299992152388931,0.10834022589342239,2.4559165782809236e-21,0.4506175828533402,0.11104297601434422
63,0.012445174831238165,9.518790219749737e-29,0.016457582221235115,1.4572777569711162e-10,3.01118606609727e-06,E. Caunan,UST,0.43054295135125453,3.29304175319229e-27,0.5693528711104132,5.041477318984829e-09,0.00010417249685485613
78,0.008491452901792547,0.008125989514794355,0.004654001429075578,0.01228213053699448,9.884239035226787e-28,I. Batalier,UST,0.2530714851703423,0.24217954910325395,0.13870359610572874,0.3660453696206751,2.9458080747235426e-26
80,0.02449809379080105,1.353497666843648e-15,0.0007386427259498233,6.291708915657484e-15,2.6467301858469254e-82,S. Akomo,UST,0.9707314483603311,5.3632040178604495e-14,0.02926855163936612,2.493075486000125e-13,1.04876087448524e-80
