p_id_retained,b1,b2,b3,b4,b5,player,team,b1_norm,b2_norm,b3_norm,b4_norm,b5_norm
0,0.013103344679228884,0.007533688284953027,0.003138752144272825,6.866275423462682e-08,0.0038758613910474297,A. Pasaol,UE,0.4738709552857857,0.2724492220734373,0.11351021540092779,2.4831282194150842e-06,0.14016712411162985
15,0.010802760813024549,0.010943085070525646,0.001933358204719992,0.0013551900308977711,0.003263031358567567,P. Manalang,UE,0.38175772638836647,0.38671663184114363,0.06832275982990617,0.047890930288482875,0.11531195165210091
22,0.004670750135366477,0.00921959089433117,0.007113855051047755,1.0681256406752052e-05,0.00912327569445409,J. Varilla,UE,0.15497798191110798,0.30591094565955895,0.23604150671036042,0.0003544097873400035,0.30271515593163256
34,0.011905073315612741,0.004749486163858711,0.004000097045007522,2.23358390204283e-06,0.007955243290958508,C. Conner,UE,0.4160847829644033,0.16599552705735487,0.13980422183757396,7.806422089778142e-05,0.2780374039197701
41,0.013447001632287974,0.00029981343379163663,0.01480015522374364,1.3189267959469502e-09,9.357420769914783e-20,W. Bartolome,UE,0.47104827147991696,0.010502460222426522,0.51844922209567,4.6201986467197825e-08,3.2779031338814944e-18
62,0.011031287611324785,0.007159895012772978,0.003711935007330024,0.005157809518404936,0.0031767725125484893,J. Cullar,UE,0.36481900853882854,0.23678702721161754,0.12275851168493648,0.1705754596412563,0.10505999292336113
66,0.0038360000432873615,0.007981201659632207,0.005986503922525073,1.132020183252686e-07,0.012852026335144715,M. Maloles,UE,0.12513111359155427,0.26034844635003696,0.19528099423685377,3.6926732153301126e-06,0.41923575314833955
81,0.013669316484407416,1.0097506947338479e-29,0.014862021139545769,2.63530996976812e-16,5.7229739956423895e-09,R. Acuno,UE,0.4790982435770755,3.539092717983041e-28,0.5209015558374075,9.236543606531299e-15,2.0058550787650523e-07
