p_id_retained,player,team,b1_norm,b2_norm,b3_norm,b4_norm,b5_norm
0,A. Pasaol,UE,0.4738713136505503,0.27244899349466595,0.11351021279316258,2.4833017609798062e-06,0.14016699675986033
15,P. Manalang,UE,0.3817578720103392,0.3867162524699137,0.0683227308512343,0.047891238111978936,0.11531190655653385
22,J. Varilla,UE,0.1549781421597865,0.3059108400550256,0.2360417076997647,0.00035437309469409686,0.3027149369907291
34,C. Conner,UE,0.41608520724709697,0.1659954329010561,0.13980434690099255,7.797777126344915e-05,0.2780370351795909
41,W. Bartolome,UE,0.4710484006787015,0.010502465675479909,0.5184490874432096,4.620260898863431e-08,3.279114966800725e-18
62,J. Cullar,UE,0.3648194800143295,0.2367873613654184,0.12275882303320115,0.17057456922102907,0.1050597663660219
66,M. Maloles,UE,0.12513125071983186,0.26034847501691405,0.1952811870696576,3.693180523741046e-06,0.4192353940130728
81,R. Acuno,UE,0.4790983566599179,3.5390864072928044e-28,0.520901442748227,9.23646047999827e-15,2.0059184579543656e-07
