p_id_retained,b1,b2,b3,b4,b5,player,team,b1_norm,b2_norm,b3_norm,b4_norm,b5_norm
0,0.013103338452384284,0.007533620628047425,0.003138750122478169,6.865013549211596e-08,0.003875920387076367,A. Pasaol,UE,0.473871020094229,0.27244694205133413,0.1135102117498137,2.482673393003645e-06,0.1401693434312302
15,0.01080271563549277,0.010943027000056487,0.0019333289776781641,0.0013553060780904119,0.0032630909987370798,P. Manalang,UE,0.38175554689417723,0.3867139891527609,0.06832162264597287,0.047894958129831994,0.11531388317725698
22,0.004670733343366247,0.00921950376012966,0.007113874749910067,1.0672082625961122e-05,0.00912333970087865,J. Varilla,UE,0.15497757589812042,0.3059083528623661,0.23604239054874687,0.0003541057417685709,0.3027175749489981
34,0.011905071259780265,0.004749386495631166,0.004000109128648733,2.2335337200326042e-06,0.007955310239154174,C. Conner,UE,0.41608504183856765,0.16599217557129484,0.13980475528740047,7.806252907425023e-05,0.2780399647736628
41,0.013446995103561909,0.0002998201234387392,0.014800152745520219,1.3186421541712048e-09,9.388436085650091e-20,W. Bartolome,UE,0.4710480810207951,0.010502695413328914,0.5184491773738568,4.6192019220036876e-08,3.2887680614685664e-18
62,0.01103132975947891,0.0071599970273807205,0.003711970500897192,0.0051574535282511574,0.0031767937496450568,J. Cullar,UE,0.3648222736977607,0.23679161553064046,0.12276031517167688,0.17056456145283477,0.10506123414708717
66,0.0038359913241757353,0.007981067090370783,0.005986524520660042,1.1342294586329248e-07,0.012852117128929252,M. Maloles,UE,0.12513095846542183,0.26034432567688987,0.19528186792964267,3.699883740194622e-06,0.41923914804430557
81,0.013669303089916405,1.0106014506184019e-29,0.014862035594246053,2.6350574171258527e-16,5.7239578692277524e-09,R. Acuno,UE,0.4790977562917031,3.5420744152903098e-28,0.5209020430883032,9.235658086885883e-15,2.006199843705437e-07
