p_id_retained,player,team,b1_norm,b2_norm,b3_norm,b4_norm,b5_norm
5,Ju. Gomez de Liaño,UP,0.2551598730642141,0.2147018523795197,0.20794978270716746,0.057098351005390964,0.2650901408437077
6,B. Akhuetie,UP,0.9414907887174948,3.423088505972696e-07,0.03164036830105907,0.0015933016973728644,0.025275198975222717
7,P. Desiderio,UP,0.2856419675601134,0.2554339282996554,0.0734213033503109,0.1097901431615489,0.2757126576283713
25,J. Manzo,UP,0.6068312275734751,0.26001347740131764,0.03809350009792039,0.09506179492728688,5.48046279764195e-28
27,Ja. Gomez de Liaño,UP,0.5646978927243416,0.17326571007112473,0.01649522903577369,7.193087894707899e-10,0.2455411674494512
72,D. Murrell,UP,0.7996995777679975,5.10658738617461e-08,0.1204452836940044,3.3587908197743907e-05,0.0798214995639265
73,D. Dario,UP,0.2284541115519444,0.3255822227458549,0.041551762516308786,1.2419026236881585e-15,0.40441190318589065
77,F. Jaboneta,UP,0.4057931828125736,5.609023370101934e-06,5.5173035876250965e-87,1.0721910171162111e-33,0.5942012081640563
79,C. Vito,UP,0.3746041053992978,0.29996767686389864,2.205018231679632e-93,2.7864404114320172e-05,0.3254003533326893
