p_id_retained,b1,b2,b3,b4,b5,player,team,b1_norm,b2_norm,b3_norm,b4_norm,b5_norm
1,0.005499615945141931,0.008615424926681688,0.006428732120135297,0.0038551202657820228,0.007014172033781525,A. Melecio,DLSU,0.1750741576507699,0.27426247157760686,0.20465153783862786,0.12272346649412834,0.2232883664388671
11,0.013236706543849742,0.004061808584476425,0.005906093265450938,0.007769550492013617,3.768698619211732e-27,J. Baltazar,DLSU,0.4273467632375978,0.1311353957811511,0.19067808385784243,0.2508397571234088,1.2167234736245279e-25
13,0.013130155870638859,0.005094990252294851,0.006075077442283433,0.005863715963434935,6.495856773369231e-29,L. Santillian,DLSU,0.43529313729616803,0.1689099743571369,0.20140198983335209,0.194394898513343,2.1535173703683355e-27
17,0.0065693258802316645,0.0074713533583523626,0.006558550745204974,0.008273914388916023,0.0038970887852035076,A. Caracut,DLSU,0.2004662538888977,0.2279920720231214,0.20013744527240818,0.25248262192846976,0.11892160688710304
31,0.012101237662495486,0.002262442540509884,0.003400443153801091,0.004844496323090379,0.008159309913890335,F. Serrano,DLSU,0.3933068562708566,0.0735324921234456,0.11051907615154342,0.15745278889576653,0.26518878655838796
45,0.005668870768715296,0.0021567857207238058,0.002391167764886649,0.0217861012646024,0.007047249692671006,K. Montalbo,DLSU,0.1451688945823592,0.05523114068085336,0.061233214753320615,0.5579002180285026,0.18046653195496407
57,0.015509666977035737,0.0018921894436343368,0.00562200214438796,0.0074811175403295205,7.652000350416338e-29,M. Dyke,DLSU,0.5084307203996314,0.06202887807868673,0.18429787077902496,0.24524253074265687,2.5084433188803255e-27
61,0.006192817850553154,0.006390569303591684,0.00572885580592858,0.005431856733304945,0.008525264679305835,J. Manuel,DLSU,0.19191012810265742,0.19803827648372457,0.17753234119411468,0.16832859397450592,0.26419066024499743
69,0.0007935800858404383,0.005996315768650245,0.0015904947278081241,0.006505586926840154,0.01978638782048961,J. Go,DLSU,0.022887970817563472,0.17294221815107072,0.045872114944779926,0.18763031783357842,0.5706673782530075
