p_id_retained,b1,b2,b3,b4,b5,player,team,b1_norm,b2_norm,b3_norm,b4_norm,b5_norm
4,0.0015210143966695685,0.011368479187482813,0.005784246645526765,0.012565911183602759,0.004084290212794205,J. Ahanmisi,ADU,0.04305902248311828,0.3218349556746694,0.1637486186212254,0.3557335508200085,0.11562385240097853
9,0.008572677491479537,0.0048567167762484315,0.004389065139621964,0.006020462785377194,0.007868686574374301,S. Manganti,ADU,0.27036657208834397,0.15317196613349066,0.1384230886617942,0.18987438723615732,0.24816398588021377
12,0.015021089191759188,8.256422594183356e-19,0.00816299705880997,0.00739705413914828,0.0003151093350423489,P. Sarr,ADU,0.48617839788243017,2.672305754820069e-17,0.2642067283741647,0.23941592280762777,0.010198950935777329
33,0.008224361929661044,0.011778206043640462,0.0007566624914611143,0.0044250030155566465,0.005075575376423905,J. Lastimosa,ADU,0.27179160214121134,0.38923596971154617,0.025005527795741438,0.14623367373223073,0.1677332266192703
35,0.005750849368660382,0.005264783466909291,0.013051669913302377,7.587068573467599e-17,0.00621209665352916,J. Espeleta,ADU,0.18992613731315675,0.17387344434882587,0.4310412415996377,2.505686613079225e-15,0.20515917673837725
38,0.02017663740513707,5.580471123250085e-20,0.0054211849982644614,5.579281646627063e-09,0.0009993477261559956,S. Camacho,ADU,0.7586007486663956,2.0981442482238812e-18,0.20382558876214857,2.0976970290769902e-07,0.03757345280175283
56,0.0003660015940891122,0.024143965172983083,0.0019070337014527512,7.873126587724428e-10,0.0026906545224735603,J. Pingoy,ADU,0.012574066317007535,0.8294713032498257,0.06551656773657909,2.7048301820275367e-08,0.09243803564828582
64,0.013602053576115727,0.0027175164255826326,0.0018662879271342317,0.014952444134770575,0.0006380247410194723,C. Catapusan,ADU,0.40270967458350587,0.08045624502930593,0.05525431874015416,0.44269005985352383,0.018889701793510363
68,0.0233886243531657,0.00037005293163055417,0.0017666295866168573,5.586702469628913e-17,4.3286949373113927e-69,V. Magbuhos,ADU,0.9162916031132842,0.01449749197902853,0.06921090490768508,2.188691598409612e-15,1.6958444257370613e-67
71,0.002781024072797053,0.006292390217795451,1.5220162408531532e-37,0.005296885625322141,0.01922842045949335,E. Mojica,ADU,0.08277172587895865,0.18728065079529213,4.529982760793375e-36,0.15765140952210505,0.5722962138036441
