p_id_retained,b1,b2,b3,b4,b5,player,team,b1_norm,b2_norm,b3_norm,b4_norm,b5_norm
5,0.00773198418446753,0.006505939720993231,0.00630141765682695,0.0017302849042188466,0.008033017879057651,Ju. Gomez de Liaño,UP,0.25515872794115935,0.21469874532403932,0.20794943124326273,0.05710012910051959,0.26509296639101887
6,0.02394699919292308,8.691161174785988e-09,0.0008047694995353161,4.0554216105044766e-05,0.0006428787425883472,B. Akhuetie,UP,0.9414901182509917,3.4169802639012313e-07,0.031639978152511475,0.001594412452629906,0.025275149445840465
7,0.00866224443800455,0.007746093680995023,0.002226542551439019,0.003329469743305006,0.008361274569813521,P. Desiderio,UP,0.28564108547478617,0.25543063614336187,0.07342115958521134,0.10979063894347701,0.2757164798531636
25,0.01668858776308851,0.007150718678499405,0.0010476130120771446,0.002614299861950896,1.5073470833278687e-29,J. Manzo,UP,0.6068308307192862,0.26001460504113094,0.03809332961038134,0.09506123462920148,5.481019099658447e-28
27,0.015465986775618678,0.004745319602759832,0.00045176827938117966,1.966675050490861e-11,0.006725007951000775,Ja. Gomez de Liaño,UP,0.5646976820336409,0.17326220557821997,0.01649506778222842,7.180769377588951e-10,0.24554504388783366
72,0.021062671366472833,1.3449104840315604e-09,0.003172296767721977,8.859613064110855e-07,0.002102352332150856,D. Murrell,UP,0.7997002509948515,5.106309797709929e-08,0.12044467091745968,3.363787369518827e-05,0.07982138915089546
73,0.006737690320430978,0.009602090880043795,0.0012254873079735836,3.662587050898977e-17,0.011927330143761504,D. Dario,UP,0.2284535994906681,0.3255762909628957,0.04155236784744152,1.2418665083025966e-15,0.4044177416989934
77,0.01186819310642945,1.6403954966855038e-07,1.6005143868775156e-88,3.135913359376233e-35,0.017378490640508188,F. Jaboneta,UP,0.4057939232655636,5.608794180695955e-06,5.472433810856665e-87,1.0722226826868824e-33,0.5942004679402557
79,0.01066454372231406,0.008539437623873592,6.297072844206002e-95,7.929436516689506e-07,0.00926408905207792,C. Vito,UP,0.3746037765621539,0.29995709773562396,2.21191579325693e-93,2.785301408579348e-05,0.32541127268813635
